expr_true,expr_pred,mse,mae,r2,pointwise_acc,symbolic_match
-x_1 + log(x_1 + x_2**4),-0.970055558534619*x_1 + log(x_2**4 + 5.16311002317638*x_2**2),0.6018175,0.41263095,0.9853261420503259,0.5054,0.0
sin(x_3) + sin(x_3/(x_1 - x_2)),0.956796386827934*sin(x_3) - sin(0.0130780755233663*x_1*tan(x_2)),0.4572093,0.58134717,0.4941825270652771,0.0224,0.0
x_2*cos(x_1*x_3 - x_2) - 1,x_2*sin(0.0274425052011997*x_1*x_2*x_3) - 1,31.346441,3.928947,-0.8956533670425415,0.0616,0.0
x_2 + tan(x_1 - 1/(x_1 - 1)),x_2 + tan(x_1 + 1/(x_1 + 0.0716632898938462*x_3 - 0.0293008148712289)),717324.1,20.49696,-0.10194075107574463,0.1042,0.0
x_1 - x_2**2 - log(x_2),((x_1)+(((-1)*((x_2)**(2)))+((-1)*(ln(((x_2)**(2))**((1)/(4))))))),0.6760753,0.7522465,0.9993045670562424,0.7651,0.0
x_1 - tan(exp(x_1 - 1)),x_1 - tan(0.43188786546999*exp(x_1 + 0.340419908409826*x_1/x_3)),4165.9424,5.046053,-0.2475128173828125,0.505152576288144,0.0
x_1*(x_1 + 1)/(x_1 - 1),x_2*(x_1 + 1.92993140881234)/(x_2 + 0.0309240220529895*x_2/(x_1*x_3)),14944.218,3.9175305,0.0023851394653320312,0.3623,0.0
x_1*x_3/(-x_1 + x_2) - x_3,x_1*x_3/(-1.00000000019448*x_1 + x_2) - x_3,0.0,0.0,1.0,1.0,1.0
tan(x_2 + x_3)/(-x_1 - 1),-tan(x_2 + x_3)/(x_1 + 1.00000001581605),0.0,0.0,1.0,1.0,1.0
x_1 + cos(x_1 - x_2*x_3),((x_1)+(cos((x_1)+((-1)*((x_2)*(x_3)))))),0.0,0.0,1.0,1.0,1.0
x_3 + x_3/(x_1 + x_2 + x_3),x_3 + x_3/(x_1 + x_2 + x_3 + 8.78094567432443e-9),0.00036055944,0.00023534345,0.9999999942615889,1.0,1.0
sqrt(-x_1*x_2 + x_3/x_1),sqrt(Abs(x_1*x_2 - 0.99999999678323*x_3/x_1)),0.0,0.0,1.0,1.0,0.0
x_1/(x_1 + x_3 + log(x_2**4)),((x_1)*(((x_1)+((x_3)+(ln((x_2)**(4)))))**(-1))),3.4694469e-22,1.8626451e-13,1.0,1.0,1.0
sin(x_2/(-x_1 + x_2)) - tan(1),sin(x_1/(-x_1 + x_2 - sin(x_3))) - 0.986735983969337,0.42783532,0.48146632,-0.33687615394592285,0.0418,0.0
cos(x_2 + sin(x_1)/cos(x_3)),(cos((x_2)+((sin(x_1))+(tan(x_3))))),0.705181,0.65236807,-0.4233851432800293,0.0685,0.0
x_1**2 + x_2 - tan(1) - 1,x_1**2 + x_2 - 1.50646487353895e-7*cos(3.13058392022454*x_3) - 2.55740806434221,2.8053222e-13,2.6301146e-07,0.9999999999999997,1.0,0.0
x_2*sin(x_1**2 + x_1*x_2),((x_2)*(sin((x_1)*((x_2)+(sin(x_3)))))),30.9945,3.816291,-0.8440457582473755,0.0618,0.0
-x_1/(x_1 - x_2 + x_3 - 1) + x_3,x_1/(-x_1 + x_2 - x_3 + 0.999999992911161) + x_3,0.0,0.0,1.0,1.0,1.0
x_2/(x_2 + cos(x_1*x_3)),x_2/(x_2 + cos(x_3*(x_2 - 6.048308191714))),113.48902,0.9721507,-0.317834734916687,0.2257,0.0
1 + tan(x_2)/(x_2*(-x_1 + x_2)),((((x_1)+((-1)*(x_2)))**(-1))*((x_1)+(((-1)*(x_2))+((-1)*((x_3)*((x_2)**(-1))))))),35998.062,7.442356,-7.357514381408691,0.1791,0.0
1/(x_1 - sin(cos(x_2))),(((x_1)+((-1)*(cos(x_2))))**(-1)),282.07806,0.7383481,-0.41825079917907715,0.8593,0.0
(x_1 + 1)/(x_2 + 1) + 1,(x_1 - 2.63623586752064)/(x_2 - 0.55368224968769) + cos(0.860660988175904*x_3),17574.84,8.533646,-1.1391892433166504,0.0251,0.0
log(-x_1 + x_2)/(x_2*(x_2 - 1)),(x_1 - x_2 + 0.260150741927094)/(x_2*(x_1/(x_3 - 1.48503575501982) - x_2**2)),9882.348,6.828826,-6.787318229675293,0.0169,0.0
(x_3 - 1)*sin(x_1 + x_1/x_2),(x_3 - 1.00000005595039)*sin(x_1 + x_1/x_2),0.0,0.0,1.0,1.0,1.0
x_2*x_3*cos(x_1 + x_2) + x_2,((x_2)+((x_2)*((x_3)*(cos((x_1)+(x_2)))))),0.0,0.0,1.0,1.0,1.0
sin(x_2*tan(x_1**3 - x_2)),-sin(1.96402322850468*x_1 - x_2 + 1.65902781579262*x_3 - 0.924571676787221),0.97808254,0.80347264,-1.045382022857666,0.0439,0.0
x_1*cos(sqrt(log(x_2))) + x_3,x_1/(-0.040871461204926*x_2**2 + x_2) + x_3,0.21630996,0.35291934,0.9944961802102625,0.4554,0.0
x_1*sqrt(-x_3 + sin(x_2)),x_1*sqrt(Abs(1.00000000584999*x_3 - sin(x_2))),0.0,0.0,1.0,1.0,0.0
cos(x_1 - tan(x_2**3)),cos(x_1 - tan(x_2**2*(x_3 + 0.997156420906649))),0.8225371,0.70751876,-0.6555712223052979,0.0753,0.0
-x_2 + (x_3 + sin(x_1/x_2))/x_3,-x_2 + 1.00000000146064 + sin(x_1/x_2)/x_3,2.6376335e-14,4.6364406e-08,0.9999999999999997,1.0,1.0
x_3 + 1/(x_2 - log(x_1 + x_2)),x_3 + 1/(x_2 - sin(0.749652208145901*x_1) - 1.01034952027341),975.6461,1.9765558,-0.17104113101959229,0.7053,0.0
sin(x_1**2) + 1/x_2,sin(x_1**2/(x_3 + 2.57613807957316)) + 1/x_2,0.93504924,0.77077544,0.9996800453809556,0.0658,0.0
-x_2 + log(x_1*(-x_2 + exp(-1))),-x_2 + 0.000826716994216145*x_3 + log(Abs(x_1)*Abs(x_2)),0.16072531,0.17670518,0.9955712421797216,0.6832,0.0
(x_1 + cos(1))*log(x_2),0.50341589789235*(x_1 + 0.614349711067741)*log((x_2 - 0.00357120998127147*x_3)**2),0.18950775,0.16115676,0.9978533505927771,0.7688,0.0
x_2 + sqrt(1 + x_3/(x_1*x_2)),x_2 + 1.02535705965153 + 0.13122671189501*x_3/(x_1*(x_2 + 0.00354632899091806)),2324.7505,0.9675373,-48.609004974365234,0.7352,0.0
(x_1 - x_3)/sin(x_1*x_2),(((sin((x_1)*(x_2)))**(-1))*((x_1)+((-1)*(x_3)))),0.0,0.0,1.0,1.0,1.0
x_2*sqrt(x_1/x_3 + x_2)/x_3,x_2*(x_1/(x_2**(-2))**(1/4) - 227.040430774872*x_3)/x_3**2,291279540000.0,10340.619,-14787.97265625,0.0,0.0
sin(x_2/x_1) + sin(x_1 - x_2),((sin((x_2)*((x_1)**(-1))))+(sin((x_1)+(x_3)))),0.9896119,0.80710626,-0.020689964294433594,0.0486,0.0
cos(x_1) - sqrt(cos(x_2)),cos(x_1) - 0.754758480197214*cos(x_2 - 0.000426069177079236*x_3) - 0.281555971944038,0.0018357822,0.03300225,0.9968008152209222,0.606,0.0
x_1*(x_1 + x_2 + x_3 + sin(x_2)),x_1*(1.00000001018305*x_1 + x_2 + x_3 + sin(x_2)),0.0,0.0,1.0,1.0,1.0
x_2*(x_1 + log(cos(x_3)))/x_1,((x_2)*(((x_1)**(-1))*((x_1)+((-1)*(ln((cos(x_3))**(2))))))),5620.0527,8.431772,-7.535103797912598,0.2472,0.0
x_1 + sin(log(x_2*(x_2 - 1))),x_1 + cos(log((x_2 - 0.203543992120573*x_3)**2)),0.7653931,0.7158083,0.9773392286151648,0.2062,0.0
(-x_1 + x_3)*log(-x_1 + x_2),(((x_3)+((-1)*(x_1)))*(ln(Abs((x_1)+((-1)*(x_2)))))),0.0,0.0,1.0,1.0,0.0
x_3 - cos(x_1**3*x_2**3),x_3 - sin(x_1*(x_2 + 1.86998624617328) - x_1 + 0.994253338884321),0.97934246,0.79461586,0.9712786320596933,0.2263,0.0
cos((-x_1 + sin(x_2) - 1)**3),cos(0.857635590715589*(0.569412955165414*x_1 + 1)**2/tan(x_2 + x_3)),0.9541912,0.76723045,-0.8232258558273315,0.0918,
x_2 + sin(x_1**5 + x_3),((x_2)+(sin((x_3)+((x_1)**(5))))),7.709292e-12,5.6099893e-08,0.999999999999777,1.0,1.0
x_1 + x_2/(exp(x_2) - 1),x_1 + x_3*(x_2 - 2.2505652137287)/(-x_3 + exp(x_3)),17.220316,2.915905,0.5983654856681824,0.1425,0.0
tan(cos(x_1) + tan(1)),cos(2.22609478602096*cos(0.99046340854977*x_1*x_2))/cos(x_1),12533.008,8.234009,-0.07004904747009277,0.0062,0.0
x_1 + 1 + 1/(x_1 + 1),x_1 + x_2/((x_1 + 1.32771279379642)*(x_2 - 37.9832167561512*x_2/x_3)) + 0.416785173790818,6776.7305,2.4646728,0.0038055777549743652,0.0656,0.0
cos(sin(x_1)) - 1/x_1,-cos(cos(x_1)) + cos(1.93945635853614*x_2*x_3)/x_1,125.17319,2.1148221,-0.45468735694885254,0.002,0.0
x_1*log(sin(tan(x_1))),-0.112700797242484*(x_1 + 0.351212129823428)*(cos(x_2 + x_3) + 8.70041490334151)*cos(9.27952889444412e-7*x_1),36.058517,3.8779938,0.46127957105636597,0.0264,0.0
(x_1 + sin(x_2))*(sqrt(x_2) + x_3),(x_1 + sin(x_2))*(0.247359497968561*x_2 + x_3 + 0.882142511168467),0.7942432,0.56235516,0.9993839096277952,0.7877,0.0
tan(sin(x_1*tan(x_2) - x_3)),tan(sin(0.997830458476576*x_1*tan(x_2) - x_3)),0.020744827,0.036939602,0.9785438980907202,0.7818,1.0
sin(x_2*(-x_1 + x_2 - x_3 + 1)),sin(x_1 + x_2 - 1.05460961718319*x_3 + 2.97583781029444),0.9943051,0.8094268,-1.0056142807006836,0.0471,0.0
log(cos(x_1**2 - x_2*x_3)),log(sin(x_1 + x_2 + 0.869056714499281*x_3 + 1.4129570330421)**2),4.466252,1.3357836,-4.401925563812256,0.0194,0.0
sin(sin(x_2*x_3/x_1**2)),(sin(sin((x_2)*((x_3)*((x_1)**(-2)))))),0.0,0.0,1.0,1.0,1.0
x_1 + sin(exp(x_2) + cos(x_2)),x_1 + cos(x_2 + 0.00340460539593463*exp(x_2 + x_3)),0.48623917,0.4501358,0.9856846183538437,0.5007,0.0
x_1 + sqrt(x_1 - x_3) + sin(x_2),1.20411437158752*x_1 - 0.206210030380695*x_3 + sin(x_2) + cos(cos(x_2)) + 0.251319700493792,0.07705094,0.21989104,0.9973170093726367,0.6889,0.0
1 - sin(x_1*(x_1 + sin(x_1))),0.962177329736271 - sin(1.64284816177238*x_1*(x_1 + x_1/(x_2*x_3))),0.8441298,0.6996129,-0.7546271085739136,0.1031,0.0
x_1/(x_2 + (x_1 + tan(x_3))/x_2),((x_1)*(((x_2)+(((x_2)**(-1))*((x_1)+(tan(x_3)))))**(-1))),0.0,0.0,1.0,1.0,1.0
-log((x_1 + x_2)**2),-5.46056502509896e-10*x_1*x_3 - log((x_1 + x_2)**2),3.4044666e-17,8.686009e-10,1.0,1.0,1.0
x_1*(-x_1 + cos(sqrt(x_2))**2),x_1*(-x_1 + cos(0.394526686839836*x_2)**2),2.5173602,1.088932,0.9971769789699465,0.5801,0.0
-exp(cos(x_1)) + sin(x_1),sin(x_1 - 0.000392470787807502*x_2*x_3) - 1.09214633602843*cos(x_1) - 1.27659306311844,0.038062137,0.17157456,0.9672737382352352,0.1484,0.0
x_2 + 1/(-x_1*(x_3 - 1) + x_2),x_2 + 1/(-x_1*x_3 + x_2 - 0.222238516799993),340.5944,0.6255041,-0.2735551595687866,0.8527,0.0
x_1 + cos(1 + 1/x_2),x_1 + cos((x_3 + 0.999999988657599*x_3/x_2)/x_3),7.6103125e-14,3.0341745e-08,0.9999999999999978,1.0,1.0
x_3/(x_1 - x_2*exp(x_2) - 1),x_3/(-x_1 - 1.33743341368359*exp(1.2053646195252*x_2) + 0.887140073314022),6922.6914,5.299093,-0.30028796195983887,0.2499,0.0
tan(exp(x_1 - x_2)) - 1,tan(exp(x_1 - x_2 - 0.404312640746815*x_3)) - 0.471498928279796,9400.095,7.144433,-0.16417372226715088,0.0101,0.0
cos(x_1**5*(x_2 - x_3)**5)/x_1,cos(5.50812458806391*x_2*x_3*(0.027830758476662*x_1 - 1)**2)/x_1,48.087242,0.72605276,-0.45986080169677734,0.0565,0.0
x_1*cos(x_2)*tan(x_2),((x_1)*(sin(x_2))),7.56796e-14,1.4516755e-07,0.9999999999999951,1.0,1.0
exp(cos((x_1 + x_2 + 1)**4)),exp(cos(3.75004940134411*(0.554668534623722*x_1 - 0.204989848005677*x_2 + x_3 - 0.5998707301834)**2)),1.4730653,0.96627784,-0.9238522052764893,0.0685,
x_3/(x_2*(x_3**2 + tan(x_1))),(((x_2)**(-1))*(((x_3)+(((x_3)**(-1))*(tan(x_1))))**(-1))),6.3574e-11,1.8218749e-07,0.9999999999974061,1.0,1.0
-x_3 + (-x_1 + x_2)/log(x_2) - 1,-0.384819161452379*x_1 - x_1/(x_2 + 354.890216652611) - 0.806953735543531*x_2 - x_3 + 8.26000780852344,13575.256,11.116614,-0.003304123878479004,0.0869,0.0
x_2 + cos(tan(x_1 - cos(1))),x_2 + cos(1.05100121981686*tan(x_1 + 2.62600028717655)),0.13129678,0.14900354,0.9960941444151103,0.8084,0.0
-x_2 + cos(x_2 - 1)/x_1,-x_2 + cos(-x_2 + 4.32011406324711e-8*sin(x_3) + 0.999999950703036)/x_1,2.5542724e-14,5.7976695e-09,0.9999999999999998,1.0,1.0
x_3/(x_2 + cos(x_1/cos(x_2))),x_3/(x_2 + cos(1.27200211325585*x_1)),234492.88,14.071637,-0.0529094934463501,0.3212,0.0
x_1 + x_1/(x_2*(x_1 + cos(x_2))),x_1 + x_1/(x_2*(x_1 + cos(x_3) + 0.0620761505615442)),86.470535,0.6683536,0.3744876980781555,0.7732,0.0
x_2/((x_1 + tan(x_2))*(x_2 + x_3)),((x_2)*((((x_1)+(tan(x_2)))**(-1))*(((x_2)+(x_3))**(-1)))),0.0,0.0,1.0,1.0,1.0
x_1 - x_2*(cos(x_2) - cos(x_3)),((x_1)+((-1)*((x_2)*(((-1)*(cos(x_3)))+(cos(x_2)))))),0.0,0.0,1.0,1.0,1.0
x_3*cos(x_2 + x_3) + cos(x_1),(((x_3)*(cos((x_2)+(x_3))))+(cos(x_1))),0.0,0.0,1.0,1.0,1.0
x_2**2 - cos(cos(x_1)),x_2**2 + 2.24592117126221e-8*x_3 - cos(cos(x_1)),4.1160855e-15,2.1895767e-08,1.0,1.0,1.0
-x_2*sin(x_1*(x_3 - 1)),((-1)*((x_2)*(sin(((-1)*(x_1))+((x_1)*(x_3)))))),3.3927656e-11,1.6462329e-06,0.9999999999979755,1.0,1.0
tan(cos(x_1) - tan(1)) - 1,-cos(33.0906243111173*x_2*x_3) - 0.0126964701093137*tan(x_1) - 1.24011463617839,1085.8817,4.811189,-0.01184391975402832,0.0261,0.0
(x_2 + x_3 - cos(x_1))/x_3,(((x_3)**(-1))*((x_2)+((x_3)+((-1)*(cos(x_1)))))),0.0,0.0,1.0,1.0,1.0
x_1*(sin(x_2) - sin(x_3)/x_2),((x_1)*(((-1)*(((x_2)**(-1))*(sin(x_3))))+(sin(x_2)))),0.0,0.0,1.0,1.0,1.0
x_3*cos(x_1**2 + x_2)**3,((x_3)*((cos((x_2)+((x_1)**(2))))**(3))),1.5790387e-14,3.5561413e-08,0.9999999999999984,1.0,1.0
tan((x_1 - x_2**5)*sin(x_3)),(tan(((x_1)+(x_2))*((x_1)+((-1)*(x_3))))),3027828.2,30.350925,-138.00738525390625,0.0112,0.0
-x_1*sin(tan(x_1*x_2)) + x_1,x_1*sin(0.00329012033994002*x_1*x_2/x_3) + x_1,15.361399,2.963241,0.6770445108413696,0.0449,0.0
cos(1 - (x_2*x_3 + x_2)/x_1),(sin(((x_1)**(-1))*((x_1)+((x_2)*(x_3))))),0.6525798,0.6202064,-0.34800493717193604,0.0724,0.0
x_1 - (x_2 + x_3)*sin(x_1) + 1,x_1 - (x_2 + x_3)*sin(x_1) + 0.999999990935013,0.0,0.0,1.0,1.0,1.0
-1/tan(x_1*x_2),-1/tan(0.993350954083282*x_1*x_2/cos(x_3)),210945.1,15.379004,-0.0644371509552002,0.0209,0.0
sin(x_1) + tan(tan(exp(x_1))),-tan(0.0762215757837496*exp(x_1)) - sin(x_2 + x_3)/x_1,127703.32,9.002155,-104.07040405273438,0.0092,0.0
(x_2 + x_3 + (x_2 - 1)/x_2)/x_1,(x_2 + x_3 + 1.00000256858728 + cos(0.000783945147558077*x_1 + 3.14383098913786)/x_2)/x_1,2.5165463e-09,5.112415e-06,0.9999999999992546,1.0,0.0
x_1/(x_2*(-x_2 + x_3)) - x_2,(((-1)*(x_2))+((x_1)*(((x_2)**(-1))*(((x_3)+((-1)*(x_2)))**(-1))))),0.0,0.0,1.0,1.0,1.0
x_2 + log(x_1*(x_1 + sin(x_2))),((x_2)+(ln((x_1)*((x_1)+(sin(x_2)))))),0.0,0.0,1.0,1.0,1.0
x_2 + x_3/(-x_1*x_3 - x_2),((x_2)+((((-1)*(x_1))+((x_2)*((x_3)**(-1))))**(-1))),1208.945,1.7935865,-0.02285921573638916,0.6623,0.0
sin(x_3*(x_1 - x_2 + 1)),sin(x_3*(x_1 - x_2 + 1.00000005323258)),0.0,0.0,1.0,1.0,1.0
-x_2 + x_3*sin(cos(tan(x_1))),-x_2 + 0.876565602548647*x_3*cos(tan(x_1)),0.025206888,0.12360321,0.9994735369109549,0.7621,0.0
sin(x_2*(x_1 + x_3)**2 + x_2),-sin(-x_1 + 1.44873282145553*x_2 + x_3),0.9882684,0.80464256,-0.9940863847732544,0.0496,0.0
x_1*(x_2 - asin(1/x_1)),x_1*x_2 - cos(4.26877383222823e-8*x_3),0.0027773425,0.021290192,0.9999977823965764,0.9741,0.0
cos(sqrt(x_1**2 - 1)),cos(x_1 - 0.127707101279094*sin(x_2*x_3)/x_1),0.021213878,0.09643222,0.9569595567882061,0.3342,0.0
x_1*(x_1 + x_2*cos(x_3)) + 1,x_1*(x_1 + x_2*cos(x_3)) + 1.1280152637044e-8*x_1 + 0.999999936176192,1.7301929e-13,4.119873e-08,0.9999999999999999,1.0,1.0
x_1*cos(x_2**3 + x_2),((x_1)*(cos((x_2)*((x_2)+(sin(x_3)))))),30.390732,3.762582,-0.807644248008728,0.0819,0.0
sin(exp((x_2 + x_3)/x_1)),(sin(exp(((x_1)**(-1))*((x_1)+((x_2)+(x_3)))))),0.6906116,0.6032947,-1.4660909175872803,0.0679,0.0
tan(x_2 + (x_1 + x_3)/(x_2*x_3)),tan(x_2 + (x_1 - 1.36462467173801*x_2)/(x_2*x_3)),10823.589,11.1275215,-0.4931488037109375,0.0299,0.0
exp(1 - cos(x_1)) + 1,2.71828169228514*exp(7.43720724622214e-9*x_2*x_3 - cos(x_1)) + 1.00000017566757,1.3710363e-12,7.499099e-07,0.9999999999997476,1.0,0.0
x_1 - sqrt(x_1 + x_2)/x_2,x_1 - 0.251627428610636 + (-0.290659408032208*x_1 - sin(x_3) - 0.895470307097369)/x_2,121321.984,4.5585127,0.7907225638628006,0.608,0.0
x_1/(x_1 + tan(sin(x_1))),x_1/(x_1 + 0.0317966518487796*x_1/x_2 + tan(sin(x_1))),0.07846605,0.025652308,0.05756032466888428,0.9463,0.0
(x_3 + sin(x_1)/x_2)/x_3,(((x_2)**(-1))*((x_2)+(((x_3)**(-1))*(sin(x_1))))),1.7634669e-14,3.735203e-08,0.9999999999999991,1.0,1.0
x_2*x_3/(x_1*(x_1 + sqrt(x_2))),x_2*x_3/(x_1**2 - 1.26574826505229*x_2),1030444.25,38.549213,-1.6519806385040283,0.0349,0.0
x_1*sin(x_2 + x_3*sin(x_1)),x_1*sin(x_2 - 0.834260015723191*x_3),27.991615,3.4779477,-0.6560653448104858,0.08,0.0
cos((x_1 + x_2)*(x_1 + x_3 + 1)),cos((x_1 + 0.347837294556258)*(x_2 + 0.646823399953515*x_3 + 2.91989828583538)),0.99458575,0.8057855,-0.978141188621521,0.0485,0.0
x_2**2*sin(x_1 - 1) - 1,x_2**2*sin(x_1 - 0.999999988038626) - 1,0.0,0.0,1.0,1.0,1.0
x_2/(x_1*(x_2 + sin(x_1 + x_3))),((x_2)*(((x_1)**(-1))*(((x_2)+(sin((x_1)+(x_3))))**(-1)))),0.0,0.0,1.0,1.0,1.0
x_3 - 1/(x_1 + exp(x_2)),x_3 + 1/(-1.7026513633715*x_1 + exp(x_2) - 0.049341340663824),33965.414,2.4177094,-444.0362854003906,0.764,0.0
x_2**2 - cos(sin(x_1)),x_2**2 + 1.18745911437124e-8*x_3 - cos(sin(x_1)),8.1277205e-16,8.162856e-09,1.0,1.0,1.0
sqrt(x_1*(x_2/x_3 + x_3)),Abs(0.028031649492742*x_2*(x_1 + 1.61130377948224)/x_3 + x_3),418.71887,2.6343255,-13.838232040405273,0.0922,0.0
log(exp(x_1 + x_2) + log(x_2)),0.837353566944226*x_1 + x_2 + x_2/(1.15503036865963*x_2 + exp(x_3)),1.5724163,0.8825388,0.9424666948616505,0.2826,0.0
x_1*x_2/log(log(-x_1)),x_2*(x_1 - 0.182220399320827)/cos(1.83975462244273e-5/(x_1 - 0.227431450719719)),2940400.0,90.39974,0.0008744597434997559,0.0,0.0
sqrt(-1 + (x_1*x_2 + x_2)/x_3),Abs(x_1 + 0.756781992103272)*sqrt(Abs(0.0104484564108099*x_2 + 0.0261537715445931))/Abs(x_3),12.721487,2.3037057,0.03351736068725586,0.0027,0.0
x_2*sin(x_1 - x_3**2),x_2*sin(x_1 + 0.0613625932720074*x_3),31.413881,3.8663695,-0.8959441184997559,0.0632,0.0
cos(sin(x_2) + x_3/x_1),cos(sin(7.2275922897283e-9*x_1 + x_2) + x_3/x_1),2.2267189e-16,2.2105873e-09,0.9999999999999994,1.0,1.0
x_2 - log((x_1 - 1)**2),x_2 + 7.5525047454445e-9*x_3 - log(1.00000003184049*(0.999999984079755*x_1 - 1)**2),7.8244076e-16,3.1024217e-09,1.0,1.0,1.0
sqrt(tan(x_2*(-x_1 + exp(-1)))),exp(-0.000208462277555365*tan(x_1 - 0.13646951000763*x_2 + x_3 - 3.1597581821197)),4.634504,0.7846259,-0.03470885753631592,0.0627,0.0
-x_2*sin(x_1*x_3 + 1) - 1,x_2*sin(x_1 - 0.698127482455745*x_2 + x_3) - 1,33.62765,4.0501685,-1.018946647644043,0.0646,0.0
-x_1 + exp(-sin(x_1/x_2)),-x_1 + exp(-sin(1.00882959394143*x_1/(x_2 + 0.0426685020561857*x_3))),0.16509408,0.15282573,0.9951687608845532,0.8411,0.0
x_1 - x_2**2 + x_2 + x_3 - 1,x_1 - x_2**2 + x_2 + x_3 - 1.00000001824761,0.0,0.0,1.0,1.0,1.0
log(cos(exp(-1/cos(x_1)))),-760.51441912411*exp(501.730460145881*x_1*tan(x_1)/(x_1 + x_2 - 49587.7620707532)),inf,1.5392604e+32,-inf,0.0007001400280056011,
x_1 - x_2*cos(x_1**3),x_1 - x_2*cos(0.396658325368372*x_1**5*x_3),30.625666,3.71146,0.40200406312942505,0.1793,0.0
sin(x_2*x_3/x_1) - 1,sin(x_2*(x_3 - 2.52304802766613e-7)/x_1) - 1,1.2132131e-09,1.2892425e-06,0.9999999974869425,1.0,1.0
sqrt(x_2/(x_1 + x_1/sin(x_1))),Abs(x_2)*Abs(tan(x_1))/Abs(x_1 - 1.49892574381342*x_3),74561.81,13.495729,-19.386430740356445,0.0232,0.0
sin(cos(x_1*tan(x_1) + x_1)),sin(cos(0.848698686743264*x_1*(x_1 + x_2/x_3 + 1.45626988626192))),0.7217544,0.66558903,-0.7707189321517944,0.0964,0.0
x_2/(x_2 + sqrt(x_1*x_3)) + x_3,x_1/(x_1 + x_1*x_3/x_2) + x_3 + 2.24111127319273,10819.742,8.863206,-0.9859217405319214,0.0206,0.0
log(sqrt(x_1*sin(x_2))),0.0263085127638468*x_1/(1.37496118735277*x_1 - x_3) + cos(x_2)**2,1.333899,0.7589975,-1.9104080200195312,0.0225,0.0
x_3 + 1 - 1/(x_1 + x_2*x_3),x_3 + 0.491695157307056 + cos(x_1)/(x_1 + x_2*(x_3 - 2.4656266004543)),3460.9849,1.5793614,-0.1648578643798828,0.0612,0.0
-x_1 + x_2*cos(x_3 - sin(x_3)),(((-1)*(x_1))+((x_2)*(cos((x_3)+((-1)*(sin(x_3))))))),0.0,0.0,1.0,1.0,1.0
x_2*(x_2 + x_3) - cos(tan(x_1)),x_2*(x_2 + x_3) + cos(tan(x_1) + 3.14159282383105),5.2264904e-13,1.1125617e-07,0.9999999999999998,1.0,0.0
cos(x_2)/cos(x_1/x_3),(((cos((x_1)*((x_3)**(-1))))**(-1))*(cos(x_2))),0.0,0.0,1.0,1.0,1.0
-x_1 + tan(x_1*x_2**2 - x_3),(((-1)*(x_1))+(tan((x_3)+((x_1)*(x_2))))),8571.638,10.89178,-0.47690272331237793,0.0822,0.0
x_1**2 + x_2 - cos(x_2 - x_3),x_1**2 + x_2 - cos(0.999999980143099*x_2 - x_3),0.0,0.0,1.0,1.0,1.0
x_2*cos(x_2) + cos(x_1/x_2),x_2*cos(x_2) + cos(1.01506928623402*x_1/(x_2 + 0.140436862946585)),0.10248801,0.11913264,0.9948154599405825,0.7637,0.0
cos(x_1 - tan(x_2)**2),cos(x_1 - sin(x_2)*tan(x_3 + 0.425870102644033)),0.64834976,0.5740774,-0.26714181900024414,0.1451,0.0
tan(x_1*cos(1/x_1)/x_2),tan(x_1/(x_2 - (x_2 + 2.7349692708955)/x_1**2)),13134.201,6.9101186,-0.18805956840515137,0.1127,0.0
-x_1*(x_1 + sin(x_1 + x_2)),x_1*(-x_1 + cos(x_1 + x_2 + 1.57079629174267)),4.6986724e-12,8.345759e-07,0.9999999999999948,1.0,0.0
sin(log(-x_1/x_2 + x_2)),cos((0.087996456593487*x_2 + tan(x_1*x_3) + 0.19520843791051)/x_2),0.3350085,0.33108702,-1.0837271213531494,0.2718,0.0
tan(log(-x_1*x_2 + x_1)),tan((x_1 - x_2 + x_3)/(x_1 + 1.06347416611289)),12894.666,9.5106535,-5.4364800453186035,0.0101,0.0
x_1 + x_2 + sin(x_1 + x_3) + 1,x_1 + x_2 + sin(x_1 + x_3) + 1.00000000769246,0.0,0.0,1.0,1.0,1.0
x_2 + x_3 - tan(x_2/x_1),((x_2)+((x_3)+((-1)*(tan((x_2)*((x_1)**(-1))))))),0.0,0.0,1.0,1.0,1.0
x_2*(x_1 + log(x_2) + 1) + x_3,x_2*(x_1 + log(0.379006279503126*x_2**2)) + x_3,3.6770608,1.7252433,0.9971099467948079,0.3489,0.0
sin(x_3)/(x_1**5 + x_2),((((x_2)+(((x_1)**(5))+((-1)*(x_3))))**(-1))*(sin(x_3))),85.428856,0.2347287,-50.909358978271484,0.8061,0.0
x_1 + (x_2 + sin(x_1 + 1))/x_3,x_1 + (x_2 + cos(x_1 + 5.71238876940168))/x_3,2.810907e-15,2.8669833e-09,1.0,1.0,0.0
asin(sin(x_1)/x_1),sin(x_1)/(x_1 + 0.0027333111983662*x_2*x_3),4.9916215,0.08927461,-24.50959587097168,0.8093,0.0
x_2 + 1 + (x_1 + cos(x_1))/x_3,x_2 + 1.0000000261296 + (x_1 + cos(x_1))/x_3,0.0,0.0,1.0,1.0,1.0
cos(x_1*(-x_1 + x_2**2*x_3)),cos(2.59036846891385*x_1*x_2*(x_3 - 1.45432177191454)),0.999118,0.80777276,-0.9868258237838745,0.05,0.0
(tan(x_2/x_1) - 1)/x_2,(tan((x_1/x_3 + x_2 - 0.894113092225207)/x_1) - 1.28425820498582)/x_2,1673.3638,2.9298675,-4.597577095031738,0.0515,0.0
x_2*cos(x_1*x_2*x_3 + x_1),x_2*cos(0.954853678081866*x_1*x_2*x_3),31.197226,3.845746,-0.9266841411590576,0.0568,0.0
x_2**2 + sin(x_1*x_2),x_2**2 - sin(0.00828244553259376*x_1*x_2/x_3),0.5281541,0.64351076,0.999394403595943,0.6605,0.0
x_3**2/(x_1*exp(x_2) + x_3),x_1*x_3/(3.45794890915226*x_1*exp(x_2) + x_1),1008.1985,2.1730402,0.01631253957748413,0.3882,0.0
(-x_1 + (-x_1 + x_2)*log(x_2))/x_1,(-2.36691438064564*x_1 + 0.0417618524025033*x_1/x_2 + 0.28695622533822*x_2**2)/x_1,103.61089,1.3517833,0.9637231789529324,0.138,0.0
x_3 + sin(x_1) - 1/(x_2*x_3),((x_3)+(((-1)*(((x_2)**(-1))*((x_3)**(-1))))+(sin(x_1)))),0.0,0.0,1.0,1.0,1.0
x_1 - x_2 + tan(x_1**2 - x_3),x_1 - x_2 + tan(0.568241586872487*x_1 + x_3) + 1.13954408288829,16927.227,11.945198,-6.38338565826416,0.0773,0.0
sqrt(-x_1 + x_2*x_3/x_1),sqrt(-0.751636009574264*x_1 + Abs(x_2)*Abs(x_3)/Abs(x_1)),0.35321996,0.35589713,0.981246430426836,0.3316,0.0
x_1 - sin(x_3/(x_1 + x_2 + 1)),x_1 - sin(x_3/(x_1 + x_2 + 1.00904847095649)),0.02082342,0.026530182,0.9993953221128322,0.9645,1.0
cos(x_1 + x_2 + (x_2 + x_3)**2),sin(x_3*(x_1 + 0.371582625525258*x_2 + 0.2383984393346)),0.9868715,0.8022409,-0.9920511245727539,0.0459,0.0
(-x_2 + x_3*(-x_1 + x_3))**(-3),-4.28587665611357*cos(x_1)/(x_2 - (-x_1 + x_3)**4),2745208100000.0,22417.965,-0.00016772747039794922,0.4008,0.0
-x_1 + cos(1 + 1/x_1),-x_1 + cos((0.874951736471926*x_1 + x_2/x_3 + 2.0449716891025)/x_1),0.2621513,0.33608362,0.9925151416100562,0.6242,0.0
-x_3 + tan(x_3/(x_1*x_2)),(((-1)*(x_3))+(tan((x_3)*(((x_1)**(-1))*((x_2)**(-1)))))),0.0,0.0,1.0,1.0,1.0
-x_1**2 + x_1/x_2 + x_2 + x_3,-x_1**2 + 1.00000005421722*x_1/x_2 + x_2 + x_3,0.0,0.0,1.0,1.0,1.0
cos((x_1 - x_2 - 1/x_2)**5),(cos(((x_1)**(-1))*(((x_1)+((x_3)+((-1)*(x_2))))**(3)))),1.0454769,0.82256085,-0.9763022661209106,0.0661,
x_2 + x_3 - x_3/(x_1 - 1),x_2 + x_3 - x_3/(x_1 - 1.06394296151859),9303.284,5.655688,-6.873245716094971,0.8748,1.0
x_1 - x_3*(x_2 - 1) + tan(x_3),x_1 - x_3*(x_2 - 1.00000004316231) + tan(x_3),0.0,0.0,1.0,1.0,1.0
x_2 - cos(sin(x_1) - 1)**2,x_2 - 0.00106636582072886*x_3 - 0.614155550660447*sin(sin(x_1)) - 0.440375794881599,0.015832216,0.1062289,0.9995242606091779,0.7919,0.0
x_1 + x_2 + (x_1 + x_2*x_3)/x_3,((x_1)+((x_2)+(((x_3)**(-1))*((x_1)+((x_2)*(x_3)))))),0.0,0.0,1.0,1.0,1.0
x_2/(-exp(x_1) + tan(x_1)) - 1,x_2*(x_1 - 0.307706989901785)/(x_1 - exp(0.134626462253943*x_3) + 0.250980899659597) - 1,297911.8,27.341513,-0.4065134525299072,0.0164,0.0
x_2*(x_2 - (-x_1 - 1)/x_2),x_1 + x_2**2 - 3.79475427339862e-9*x_3**2 + 1.00000073840644,6.1445705e-12,1.312058e-06,0.9999999999999933,1.0,1.0
cos(sin(exp(x_1) + 1)),cos(cos(0.481636120990471*exp(x_1 + 0.324487017560189*x_2*x_3) - 2.65208594353904)),0.032633983,0.12997219,-0.8275065422058105,0.3839,0.0
log(x_2 + cos(x_2))/(x_1 + x_3),-0.0125885401837554*(x_2 + sin(3.60465276401417*x_1))/(x_1 + x_3)**2,2660682.0,18.201168,-12844.9892578125,0.001,0.0
-1 - sin(x_1)**2/x_2,(-x_2 + 0.00364978903566272*x_3 - cos(cos(x_1)))/x_2,3.9499726,0.22601885,0.7116493880748749,0.4674,0.0
sin(tan(x_2))*cos(x_1),sin(x_2)*sin(x_3 - 2.13154420657461)*cos(x_1),0.3491448,0.40191704,-0.6297531127929688,0.0478,0.0
cos(x_1*(x_2 + 1) + sin(x_1)),cos(x_1*(x_2 + 0.22866643395717*x_3 - 0.644000216642151)),0.9651229,0.7868528,-0.9087119102478027,0.0584,0.0
sin((x_1 - x_3)/(x_2*x_3)),(sin(((x_2)**(-1))*(((x_3)**(-1))*((x_1)+((-1)*(x_3)))))),0.0,0.0,1.0,1.0,1.0
cos(cos(x_2)**2/(-x_1 + x_3)**2),cos(0.0338128626172008*(x_1 + x_2)/(-x_1 + x_3)**2),0.077102065,0.0711628,0.22641801834106445,0.8826,0.0
x_3 + (-x_2 + x_3)*cos(x_1 + x_3),((x_3)+(((x_2)+((-1)*(x_3)))*(cos((x_1)+((-1)*(x_3)))))),75.41459,5.735419,-0.12115812301635742,0.1024,0.0
x_2 + x_3 + cos(x_1 + 1) + 1,x_2 + x_3 + cos(x_1 + 1) + 1.0000000130654,0.0,0.0,1.0,1.0,1.0
asin(x_1**3/(x_3*(x_2 + x_3))),(((x_1)**(3))*(((x_3)**(-1))*(((x_2)+(x_3))**(-1)))),0.0053280755,0.02712245,0.9723900239914656,0.802,0.0
cos((x_1 - 1)**3)**2,cos(2.57037079989189*x_2*(x_1 - 0.752624246184321)**2/x_3)**2,0.24314931,0.39334878,-0.8658485412597656,0.0906,0.0
x_1*(x_1 + x_3 + 1) + sqrt(x_2),x_1**2 + x_1*x_3 + x_1 + 0.248608990133003*x_2 + 0.881970211223937,0.022319686,0.109495215,0.9999891070265221,0.9151,0.0
-x_1 + x_2 - sin(x_2*x_3),-x_1 + x_2 - sin(1.00000000624754*x_2*x_3),0.0,0.0,1.0,1.0,1.0
sin(x_2*x_3*(x_1*x_2 + x_3)),sin(x_2*x_3*(x_1 - 0.639095098474908*x_2 - 1.19175781863057)),0.9706136,0.79599947,-0.9900450706481934,0.0475,0.0
sin((-x_2 + x_3)**2/(x_1 + x_2)),sin((-0.134787542032884*x_1 + x_2 - x_3)**2/x_1),0.82693046,0.7026997,-0.8535386323928833,0.048,0.0
(x_1*x_2 + sqrt(x_2))/x_1,1.00869048874125*x_2 + (-4.99150006605649e-5*x_1*x_2 + x_3)/(x_1*x_3),9487.143,2.2324958,0.5729595124721527,0.5231,0.0
x_1 - x_3 + (x_2 + x_3)*sin(x_3),x_1 - x_3 + (x_2 + 1.00000000641625*x_3)*sin(x_3),0.0,0.0,1.0,1.0,1.0
x_1 + log(x_2 + tan(x_2)) + 1,x_1 + 0.391854317311373*x_2 + 0.321300030914982 + sin(x_3)/(x_2*cos(x_2)),95441.68,6.3079634,-2719.769287109375,0.255,0.0
x_1 - x_2*x_3 + x_2 + cos(x_3),((x_1)+((x_2)+(((-1)*((x_2)*(x_3)))+(cos(x_3))))),0.0,0.0,1.0,1.0,1.0
x_1/(x_1 + x_2**2 + tan(x_3)),((x_1)*(((x_1)+(((x_2)**(2))+(tan(x_3))))**(-1))),0.0,0.0,1.0,1.0,1.0
x_2 + x_3 - tan(x_1 - x_2)/x_3,x_2 + x_3 + 14.0720651585759 + tan(x_1 + x_2)/x_3,4582.7246,18.890253,-0.33371782302856445,0.0014,0.0
